page_type,name,slug,meta_title,meta_description,h1,supporting_text,featured_suppliers_h2,featured_suppliers_text,value_prop_h2,value_prop_text,block1_h2,block1_text,block2_h2,block2_text,faq_h2,faq_q1,faq_a1,faq_q2,faq_a2,faq_q3,faq_a3,faq_q4,faq_a4,faq_q5,faq_a5
retailer,Amazon Liquidation,/amazon-liquidation,Amazon Liquidation | Buy Truckloads & Pallets | Verified LPN Suppliers,"Discover verified Amazon liquidation suppliers offering Amazon Mediums, Smalls, HD loads, LPN returns, manifested pallets and high piece count truckloads. Use our industry-leading platform to find trusted Amazon return pallet sellers, wholesale liquidation companies, bin store inventory sources and top-rated truckload suppliers for your business.",Buy Amazon Liquidation Truckloads & Pallets,"Find Amazon return pallets, Mediums, HPC, and bulk Amazon truckloads from verified suppliers near you.",Best Amazon Liquidation Suppliers Near You,"Source Amazon wholesale pallets, truckloads, returns, and overstock inventory directly from top wholesalers.","Amazon Liquidation: Pallets, Truckloads & Wholesale Inventory","Use TrustPallet to source amazon liquidation directly from contract holders, accessing retailer-direct returns, overstock, shelf pulls, and bulk wholesale inventory tailored for resellers, bin stores, and online sellers.",Amazon Return Pallets,"Amazon Liquidation includes mixed returns, overstock, general merchandise and category-specific inventory ideal for resale.",How to Buy Amazon Liquidation Pallets,Purchase amazon liquidation pallets and truckloads from verified liquidation suppliers offering consistent loads and clear sourcing.,Amazon Liquidation FAQ,What are typical items in these pallets?,Amazon Liquidation pallets include assorted returns and overstock matched to reseller demand.,Can I buy these loads locally?,"Yes, many suppliers offer amazon liquidation pallets and truckloads near you.",Are these loads manifested?,Some amazon liquidation loads are manifested; others are unmanifested depending on supplier.,Who buys these pallets?,"Resellers, bin stores, flea markets and online sellers buy amazon liquidation inventory.",How do I avoid brokers?,Work with verified suppliers to ensure authentic amazon liquidation loads.
retailer,Walmart Liquidation,/walmart-liquidation,Walmart Liquidation | Wholesale Returns Pallets & Truckloads | Trusted Suppliers,"Find the most trusted Walmart liquidation suppliers for general merchandise returns, shelf pulls, overstock pallets, high-value GM truckloads and bin-store ready inventory. Compare verified wholesale liquidators, browse real suppliers, and source Walmart pallets and truckloads from vetted companies.",Buy Walmart Liquidation Truckloads & Pallets,"Source Walmart returns pallets, GM truckloads, shelf pulls, and overstock from trusted wholesale liquidators near you.",Best Walmart Liquidation Suppliers Near You,"Browse top-rated walmart liquidation suppliers offering wholesale pallets, truckloads, returns, and overstock inventory recommended for resellers and local buyers.","Walmart Liquidation: Pallets, Truckloads & Wholesale Inventory","Use TrustPallet to source walmart liquidation directly from verified liquidators, accessing retailer-direct returns, overstock, shelf pulls, and bulk wholesale inventory tailored for resellers, bin stores, and online sellers.",Walmart General Merchandise Truckloads,"Walmart Liquidation includes mixed returns, overstock, general merchandise and category-specific inventory ideal for resale.",How to Buy Walmart Liquidation Pallets,Purchase walmart liquidation pallets and truckloads from verified liquidation suppliers offering consistent loads and clear sourcing.,Walmart Liquidation FAQ,What are typical items in these pallets?,Walmart Liquidation pallets include assorted returns and overstock matched to reseller demand.,Can I buy these loads locally?,"Yes, many suppliers offer walmart liquidation pallets and truckloads near you.",Are these loads manifested?,Some walmart liquidation loads are manifested; others are unmanifested depending on supplier.,Who buys these pallets?,"Resellers, bin stores, flea markets and online sellers buy walmart liquidation inventory.",How do I avoid brokers?,Work with verified suppliers to ensure authentic walmart liquidation loads.
retailer,Target Liquidation,/target-liquidation,Target Liquidation | Buy Returns Pallets & Truckloads | Vetted Liquidators,"Access top Target liquidation suppliers offering manifested returns pallets, general merchandise truckloads, home goods, apparel and wholesale overstock. Compare reliable Target liquidators and source quality pallets and truckloads for resellers, discount stores and bin stores.",Buy Target Liquidation Truckloads & Pallets,Buy Target liquidation pallets and manifested or unmanifested returns truckloads from vetted suppliers near you.,Best Target Liquidation Suppliers Near You,"Browse top-rated target liquidation suppliers offering wholesale pallets, truckloads, returns, and overstock inventory recommended for resellers and local buyers.","Target Liquidation: Pallets, Truckloads & Wholesale Inventory","Use TrustPallet to source target liquidation directly from verified liquidators, accessing retailer-direct returns, overstock, shelf pulls, and bulk wholesale inventory tailored for resellers, bin stores, and online sellers.",Target High Piece Count,"Target Liquidation includes mixed returns, overstock, general merchandise and category-specific inventory ideal for resale.",How to Buy Target Liquidation Pallets,Purchase target liquidation pallets and truckloads from verified liquidation suppliers offering consistent loads and clear sourcing.,Target Liquidation FAQ,What are typical items in these pallets?,Target Liquidation pallets include assorted returns and overstock matched to reseller demand.,Can I buy these loads locally?,"Yes, many suppliers offer target liquidation pallets and truckloads near you.",Are these loads manifested?,Some target liquidation loads are manifested; others are unmanifested depending on supplier.,Who buys these pallets?,"Resellers, bin stores, flea markets and online sellers buy target liquidation inventory.",How do I avoid brokers?,Work with verified suppliers to ensure authentic target liquidation loads.
retailer,Costco Liquidation,/costco-liquidation,"Costco Liquidation | Bulk Pallets, Returns & Truckloads | Verified Sellers","Browse verified Costco liquidation suppliers with access to bulk returns, appliances, electronics, furniture and manifested Costco pallets. Find dependable wholesale liquidators offering Costco truckloads and reseller-ready inventory at scale.",Buy Costco Liquidation Truckloads & Pallets,"Get Costco bulk returns, appliances, GM pallets, and wholesale truckloads from verified sellers near you.",Best Costco Liquidation Suppliers Near You,"Browse top-rated costco liquidation suppliers offering wholesale pallets, truckloads, returns, and overstock inventory recommended for resellers and local buyers.","Costco Liquidation: Pallets, Truckloads & Wholesale Inventory","Use TrustPallet to source costco liquidation directly from verified liquidators, accessing retailer-direct returns, overstock, shelf pulls, and bulk wholesale inventory tailored for resellers, bin stores, and online sellers.",What’s Inside Costco Liquidation Loads,"Costco Liquidation includes mixed returns, overstock, general merchandise and category-specific inventory ideal for resale.",How to Buy Costco Liquidation Pallets,Purchase costco liquidation pallets and truckloads from verified liquidation suppliers offering consistent loads and clear sourcing.,Costco Liquidation FAQ,What are typical items in these pallets?,Costco Liquidation pallets include assorted returns and overstock matched to reseller demand.,Can I buy these loads locally?,"Yes, many suppliers offer costco liquidation pallets and truckloads near you.",Are these loads manifested?,Some costco liquidation loads are manifested; others are unmanifested depending on supplier.,Who buys these pallets?,"Resellers, bin stores, flea markets and online sellers buy costco liquidation inventory.",How do I avoid brokers?,Work with verified suppliers to ensure authentic costco liquidation loads.
retailer,Sam's Club Liquidation,/sams-club-liquidation,Sam’s Club Liquidation | Wholesale Pallets & GM Truckloads | Trusted Sources,"Find reputable Sam’s Club liquidation suppliers offering general merchandise returns, clothing pallets, electronics and wholesale truckload deals. Compare trusted liquidators for bin store owners, resellers and discount retailers.",Buy Sam’s Club Liquidation Truckloads & Pallets,"Shop Sam’s Club liquidation pallets and wholesale truckloads—GM, apparel, and returns—from trusted suppliers near you.",Best Sam's Club Liquidation Suppliers Near You,"Browse top-rated sam's club liquidation suppliers offering wholesale pallets, truckloads, returns, and overstock inventory recommended for resellers and local buyers.","Sam's Club Liquidation: Pallets, Truckloads & Wholesale Inventory","Use TrustPallet to source sam's club liquidation directly from verified liquidators, accessing retailer-direct returns, overstock, shelf pulls, and bulk wholesale inventory tailored for resellers, bin stores, and online sellers.",What’s Inside Sam's Club Liquidation Loads,"Sam's Club Liquidation includes mixed returns, overstock, general merchandise and category-specific inventory ideal for resale.",How to Buy Sam's Club Liquidation Pallets,Purchase sam's club liquidation pallets and truckloads from verified liquidation suppliers offering consistent loads and clear sourcing.,Sam's Club Liquidation FAQ,What are typical items in these pallets?,Sam's Club Liquidation pallets include assorted returns and overstock matched to reseller demand.,Can I buy these loads locally?,"Yes, many suppliers offer sam's club liquidation pallets and truckloads near you.",Are these loads manifested?,Some sam's club liquidation loads are manifested; others are unmanifested depending on supplier.,Who buys these pallets?,"Resellers, bin stores, flea markets and online sellers buy sam's club liquidation inventory.",How do I avoid brokers?,Work with verified suppliers to ensure authentic sam's club liquidation loads.
retailer,Home Depot Liquidation,/home-depot-liquidation,Home Depot Liquidation | Tools & Hardware Truckloads | Verified Suppliers,"Connect with verified Home Depot liquidation suppliers offering tools, hardware, DIY items, lighting, faucets, home improvement returns and manifested pallets. Source reliable truckloads and wholesale inventory for contractors, resellers and bin stores.",Buy Home Depot Liquidation Truckloads & Pallets,Find Home Depot tool and hardware returns pallets plus home improvement truckloads from verified liquidators near you.,Best Home Depot Liquidation Suppliers Near You,"Browse top-rated home depot liquidation suppliers offering wholesale pallets, truckloads, returns, and overstock inventory recommended for resellers and local buyers.","Home Depot Liquidation: Pallets, Truckloads & Wholesale Inventory","Use TrustPallet to source home depot liquidation directly from verified liquidators, accessing retailer-direct returns, overstock, shelf pulls, and bulk wholesale inventory tailored for resellers, bin stores, and online sellers.",Buy HD Tool Truckloads,"Home Depot Liquidation includes mixed returns, overstock, general merchandise and category-specific inventory ideal for resale.",How to Buy Home Depot Liquidation Pallets,Purchase home depot liquidation pallets and truckloads from verified liquidation suppliers offering consistent loads and clear sourcing.,Home Depot Liquidation FAQ,What are typical items in these pallets?,Home Depot Liquidation pallets include assorted returns and overstock matched to reseller demand.,Can I buy these loads locally?,"Yes, many suppliers offer home depot liquidation pallets and truckloads near you.",Are these loads manifested?,Some home depot liquidation loads are manifested; others are unmanifested depending on supplier.,Who buys these pallets?,"Resellers, bin stores, flea markets and online sellers buy home depot liquidation inventory.",How do I avoid brokers?,Work with verified suppliers to ensure authentic home depot liquidation loads.
retailer,Lowe's Liquidation,/lowes-liquidation,"Lowe’s Liquidation | Tool Pallets, Home Improvement & Returns Truckloads","Find trusted Lowe’s liquidation companies offering tools, garden products, hardware, plumbing, home improvement returns and mixed pallets. Locate vetted suppliers for wholesale pallets, truckloads and reseller-ready inventory.",Buy Lowe’s Liquidation Truckloads & Pallets,"Buy Lowe’s home improvement returns, tool pallets, and mixed truckloads from trusted suppliers near you.",Best Lowe's Liquidation Suppliers Near You,"Browse top-rated lowe's liquidation suppliers offering wholesale pallets, truckloads, returns, and overstock inventory recommended for resellers and local buyers.","Lowe's Liquidation: Pallets, Truckloads & Wholesale Inventory","Use TrustPallet to source lowe's liquidation directly from verified liquidators, accessing retailer-direct returns, overstock, shelf pulls, and bulk wholesale inventory tailored for resellers, bin stores, and online sellers.",What’s Inside Lowe's Liquidation Pallets,"Lowe's Liquidation includes mixed returns, overstock, general merchandise and category-specific inventory ideal for resale.",How to Buy Lowe's Liquidation Pallets,Purchase lowe's liquidation pallets and truckloads from verified liquidation suppliers offering consistent loads and clear sourcing.,Lowe's Liquidation FAQ,What are typical items in these pallets?,Lowe's Liquidation pallets include assorted returns and overstock matched to reseller demand.,Can I buy these loads locally?,"Yes, many suppliers offer lowe's liquidation pallets and truckloads near you.",Are these loads manifested?,Some lowe's liquidation loads are manifested; others are unmanifested depending on supplier.,Who buys these pallets?,"Resellers, bin stores, flea markets and online sellers buy lowe's liquidation inventory.",How do I avoid brokers?,Work with verified suppliers to ensure authentic lowe's liquidation loads.
retailer,Ace Hardware Liquidation,/ace-hardware-liquidation,"Ace Hardware Liquidation | Tools, Seasonal & Hardware Pallets | Trusted Sellers","Browse Ace Hardware liquidation suppliers offering tools, lawn & garden, outdoor gear, hardware and seasonal returns pallets. Compare reputable liquidators and buy wholesale pallets and truckloads directly from verified sellers.",Buy Ace Hardware Liquidation Truckloads & Pallets,"Source Ace Hardware liquidation pallets—seasonal, hardware, outdoor—and wholesale truckloads from vetted sellers near you.",Best Ace Hardware Liquidation Suppliers Near You,"Browse top-rated ace hardware liquidation suppliers offering wholesale pallets, truckloads, returns, and overstock inventory recommended for resellers and local buyers.","Ace Hardware Liquidation: Pallets, Truckloads & Wholesale Inventory","Use TrustPallet to source ace hardware liquidation directly from verified liquidators, accessing retailer-direct returns, overstock, shelf pulls, and bulk wholesale inventory tailored for resellers, bin stores, and online sellers.",What’s Inside Ace Hardware Liquidation Loads,"Ace Hardware Liquidation includes mixed returns, overstock, general merchandise and category-specific inventory ideal for resale.",How to Buy Ace Hardware Liquidation Pallets,Purchase ace hardware liquidation pallets and truckloads from verified liquidation suppliers offering consistent loads and clear sourcing.,Ace Hardware Liquidation FAQ,What are typical items in these pallets?,Ace Hardware Liquidation pallets include assorted returns and overstock matched to reseller demand.,Can I buy these loads locally?,"Yes, many suppliers offer ace hardware liquidation pallets and truckloads near you.",Are these loads manifested?,Some ace hardware liquidation loads are manifested; others are unmanifested depending on supplier.,Who buys these pallets?,"Resellers, bin stores, flea markets and online sellers buy ace hardware liquidation inventory.",How do I avoid brokers?,Work with verified suppliers to ensure authentic ace hardware liquidation loads.
retailer,Macy's Liquidation,/macys-liquidation,"Macy’s Liquidation | Apparel, Shoes & Returns Pallets | Trusted Suppliers","Find top Macy’s liquidation suppliers offering apparel, designer fashion, shoes, home goods, cosmetics and manifested return pallets. Compare wholesale pallet sellers and truckload liquidators for boutiques, resellers and discount stores.",Buy Macy’s Liquidation Truckloads & Pallets,"Buy Macy’s returns pallets—apparel, shoes, home goods—and wholesale truckloads from verified suppliers near you.",Best Macy's Liquidation Suppliers Near You,"Browse top-rated macy's liquidation suppliers offering wholesale pallets, truckloads, returns, and overstock inventory recommended for resellers and local buyers.","Macy's Liquidation: Pallets, Truckloads & Wholesale Inventory","Use TrustPallet to source macy's liquidation directly from verified liquidators, accessing retailer-direct returns, overstock, shelf pulls, and bulk wholesale inventory tailored for resellers, bin stores, and online sellers.",Macy's Clothing Pallets for Sale,"Macy's Liquidation includes mixed returns, overstock, general merchandise and category-specific inventory ideal for resale.",How to Buy Macy's Liquidation Pallets,Purchase macy's liquidation pallets and truckloads from verified liquidation suppliers offering consistent loads and clear sourcing.,Macy's Liquidation FAQ,What are typical items in these pallets?,Macy's Liquidation pallets include assorted returns and overstock matched to reseller demand.,Can I buy these loads locally?,"Yes, many suppliers offer macy's liquidation pallets and truckloads near you.",Are these loads manifested?,Some macy's liquidation loads are manifested; others are unmanifested depending on supplier.,Who buys these pallets?,"Resellers, bin stores, flea markets and online sellers buy macy's liquidation inventory.",How do I avoid brokers?,Work with verified suppliers to ensure authentic macy's liquidation loads.
retailer,Kohl's Liquidation,/kohls-liquidation,Kohl’s Liquidation | Clothing & GM Pallets | Verified Truckload Sellers,"Discover verified Kohl’s liquidation suppliers offering apparel, footwear, home goods, beauty products and GM returns truckloads. Source wholesale pallets, manifested loads and reliable liquidation companies.",Buy Kohl’s Liquidation Truckloads & Pallets,"Find Kohl’s liquidation pallets and truckloads—clothing, home, GM returns—from trusted wholesalers near you.",Best Kohl's Liquidation Suppliers Near You,"Browse top-rated kohl's liquidation suppliers offering wholesale pallets, truckloads, returns, and overstock inventory recommended for resellers and local buyers.","Kohl's Liquidation: Pallets, Truckloads & Wholesale Inventory","Use TrustPallet to source kohl's liquidation directly from verified liquidators, accessing retailer-direct returns, overstock, shelf pulls, and bulk wholesale inventory tailored for resellers, bin stores, and online sellers.",Kohl's Pallets for Discout Stores,"Kohl's Liquidation includes mixed returns, overstock, general merchandise and category-specific inventory ideal for resale.",How to Buy Kohl's Liquidation Pallets,Purchase kohl's liquidation pallets and truckloads from verified liquidation suppliers offering consistent loads and clear sourcing.,Kohl's Liquidation FAQ,What are typical items in these pallets?,Kohl's Liquidation pallets include assorted returns and overstock matched to reseller demand.,Can I buy these loads locally?,"Yes, many suppliers offer kohl's liquidation pallets and truckloads near you.",Are these loads manifested?,Some kohl's liquidation loads are manifested; others are unmanifested depending on supplier.,Who buys these pallets?,"Resellers, bin stores, flea markets and online sellers buy kohl's liquidation inventory.",How do I avoid brokers?,Work with verified suppliers to ensure authentic kohl's liquidation loads.
retailer,JCPenney Liquidation,/jcpenney-liquidation,JCPenney Liquidation | Returns Pallets & Apparel Truckloads | Trusted Liquidators,"Browse JCPenney liquidation suppliers with apparel, footwear, home goods, bedding and manifested returns pallets. Find trusted wholesale pallet and truckload sellers for resellers and discount stores.",Buy JCPenney Liquidation Truckloads & Pallets,Buy JCPenney liquidation pallets and mixed returns truckloads from verified suppliers near you.,Best JCPenney Liquidation Suppliers Near You,"Browse top-rated jcpenney liquidation suppliers offering wholesale pallets, truckloads, returns, and overstock inventory recommended for resellers and local buyers.","JCPenney Liquidation: Pallets, Truckloads & Wholesale Inventory","Use TrustPallet to source jcpenney liquidation directly from verified liquidators, accessing retailer-direct returns, overstock, shelf pulls, and bulk wholesale inventory tailored for resellers, bin stores, and online sellers.",What’s Inside JCPenney Liquidation Loads,"JCPenney Liquidation includes mixed returns, overstock, general merchandise and category-specific inventory ideal for resale.",How to Buy JCPenney Liquidation Pallets,Purchase jcpenney liquidation pallets and truckloads from verified liquidation suppliers offering consistent loads and clear sourcing.,JCPenney Liquidation FAQ,What are typical items in these pallets?,JCPenney Liquidation pallets include assorted returns and overstock matched to reseller demand.,Can I buy these loads locally?,"Yes, many suppliers offer jcpenney liquidation pallets and truckloads near you.",Are these loads manifested?,Some jcpenney liquidation loads are manifested; others are unmanifested depending on supplier.,Who buys these pallets?,"Resellers, bin stores, flea markets and online sellers buy jcpenney liquidation inventory.",How do I avoid brokers?,Work with verified suppliers to ensure authentic jcpenney liquidation loads.
retailer,Nordstrom Liquidation,/nordstrom-liquidation,Nordstrom Liquidation | Designer Returns Pallets | Verified Suppliers,"Find premium Nordstrom liquidation suppliers offering designer clothing, beauty, shoes, handbags and high-end return pallets. Connect with verified suppliers serving boutique resellers and premium liquidation buyers.",Buy Nordstrom Liquidation Truckloads & Pallets,"Source Nordstrom returns pallets—designer apparel, shoes, beauty—and premium liquidation loads from vetted suppliers near you.",Best Nordstrom Liquidation Suppliers Near You,"Browse top-rated nordstrom liquidation suppliers offering wholesale pallets, truckloads, returns, and overstock inventory recommended for resellers and local buyers.","Nordstrom Liquidation: Pallets, Truckloads & Wholesale Inventory","Use TrustPallet to source nordstrom liquidation directly from verified liquidators, accessing retailer-direct returns, overstock, shelf pulls, and bulk wholesale inventory tailored for resellers, bin stores, and online sellers.",What’s Inside Nordstrom Liquidation Loads,"Nordstrom Liquidation includes mixed returns, overstock, general merchandise and category-specific inventory ideal for resale.",How to Buy Nordstrom Liquidation Pallets,Purchase nordstrom liquidation pallets and truckloads from verified liquidation suppliers offering consistent loads and clear sourcing.,Nordstrom Liquidation FAQ,What are typical items in these pallets?,Nordstrom Liquidation pallets include assorted returns and overstock matched to reseller demand.,Can I buy these loads locally?,"Yes, many suppliers offer nordstrom liquidation pallets and truckloads near you.",Are these loads manifested?,Some nordstrom liquidation loads are manifested; others are unmanifested depending on supplier.,Who buys these pallets?,"Resellers, bin stores, flea markets and online sellers buy nordstrom liquidation inventory.",How do I avoid brokers?,Work with verified suppliers to ensure authentic nordstrom liquidation loads.
retailer,Best Buy Liquidation,/best-buy-liquidation,Best Buy Liquidation | Electronics Pallets & Manifested Truckloads,"Find verified Best Buy liquidation suppliers with electronics pallets, appliances, manifested returns, gaming products and wholesale tech truckloads. Compare trusted liquidators for bin stores and online resellers.",Buy Best Buy Liquidation Truckloads & Pallets,Buy Best Buy electronics liquidation pallets and tech returns truckloads from verified suppliers near you.,Best Best Buy Liquidation Suppliers Near You,"Browse top-rated best buy liquidation suppliers offering wholesale pallets, truckloads, returns, and overstock inventory recommended for resellers and local buyers.","Best Buy Liquidation: Pallets, Truckloads & Wholesale Inventory","Use TrustPallet to source best buy liquidation directly from verified liquidators, accessing retailer-direct returns, overstock, shelf pulls, and bulk wholesale inventory tailored for resellers, bin stores, and online sellers.",Best Buy Electronics Pallets,"Best Buy Liquidation includes mixed returns, overstock, general merchandise and category-specific inventory ideal for resale.",How to Buy Best Buy Liquidation Pallets,Purchase best buy liquidation pallets and truckloads from verified liquidation suppliers offering consistent loads and clear sourcing.,Best Buy Liquidation FAQ,What are typical items in these pallets?,Best Buy Liquidation pallets include assorted returns and overstock matched to reseller demand.,Can I buy these loads locally?,"Yes, many suppliers offer best buy liquidation pallets and truckloads near you.",Are these loads manifested?,Some best buy liquidation loads are manifested; others are unmanifested depending on supplier.,Who buys these pallets?,"Resellers, bin stores, flea markets and online sellers buy best buy liquidation inventory.",How do I avoid brokers?,Work with verified suppliers to ensure authentic best buy liquidation loads.
retailer,TJ Maxx Liquidation,/tjmaxx-liquidation,"TJ Maxx Liquidation | Clothing, Shoes & Returns Pallets | Vetted Suppliers","Discover verified TJ Maxx liquidation suppliers offering apparel, footwear, home décor, beauty and assorted return pallets. Compare reputable wholesale pallet sellers and truckload liquidators.",Buy TJ Maxx Liquidation & Return Pallets,"Find TJ Maxx liquidation pallets—apparel, home décor, beauty—and wholesale returns loads from trusted sellers near you.",Best TJ Maxx Liquidation Suppliers Near You,"Browse top-rated tj maxx liquidation suppliers offering wholesale pallets, truckloads, returns, and overstock inventory recommended for resellers and local buyers.","TJ Maxx Liquidation: Pallets, Truckloads & Wholesale Inventory","Use TrustPallet to source tj maxx liquidation directly from verified liquidators, accessing retailer-direct returns, overstock, shelf pulls, and bulk wholesale inventory tailored for resellers, bin stores, and online sellers.",What’s Inside TJ Maxx Liquidation Loads,"TJ Maxx Liquidation includes mixed returns, overstock, general merchandise and category-specific inventory ideal for resale.",How to Buy TJ Maxx Liquidation Pallets,Purchase tj maxx liquidation pallets and truckloads from verified liquidation suppliers offering consistent loads and clear sourcing.,TJ Maxx Liquidation FAQ,What are typical items in these pallets?,TJ Maxx Liquidation pallets include assorted returns and overstock matched to reseller demand.,Can I buy these loads locally?,"Yes, many suppliers offer tj maxx liquidation pallets and truckloads near you.",Are these loads manifested?,Some tj maxx liquidation loads are manifested; others are unmanifested depending on supplier.,Who buys these pallets?,"Resellers, bin stores, flea markets and online sellers buy tj maxx liquidation inventory.",How do I avoid brokers?,Work with verified suppliers to ensure authentic tj maxx liquidation loads.
retailer,CVS Liquidation,/cvs-liquidation,"CVS Liquidation | Beauty, OTC & Health Pallets | Wholesale Truckloads","Find verified CVS liquidation suppliers offering beauty, cosmetics, OTC medicine, household goods, seasonal merchandise and general merchandise return pallets. Compare wholesale liquidators and buy pallets or truckloads directly.",Buy CVS Liquidation Truckloads & Pallets,"Buy CVS liquidation pallets—health, beauty, OTC, household—and wholesale truckloads from verified suppliers near you.",Best CVS Liquidation Suppliers Near You,"Browse top-rated cvs liquidation suppliers offering wholesale pallets, truckloads, returns, and overstock inventory recommended for resellers and local buyers.","CVS Liquidation: Pallets, Truckloads & Wholesale Inventory","Use TrustPallet to source cvs liquidation directly from verified liquidators, accessing retailer-direct returns, overstock, shelf pulls, and bulk wholesale inventory tailored for resellers, bin stores, and online sellers.",What’s Inside CVS Liquidation Loads,"CVS Liquidation includes mixed returns, overstock, general merchandise and category-specific inventory ideal for resale.",How to Buy CVS Liquidation Pallets,Purchase cvs liquidation pallets and truckloads from verified liquidation suppliers offering consistent loads and clear sourcing.,CVS Liquidation FAQ,What are typical items in these pallets?,CVS Liquidation pallets include assorted returns and overstock matched to reseller demand.,Can I buy these loads locally?,"Yes, many suppliers offer cvs liquidation pallets and truckloads near you.",Are these loads manifested?,Some cvs liquidation loads are manifested; others are unmanifested depending on supplier.,Who buys these pallets?,"Resellers, bin stores, flea markets and online sellers buy cvs liquidation inventory.",How do I avoid brokers?,Work with verified suppliers to ensure authentic cvs liquidation loads.
retailer,Walgreens Liquidation,/walgreens-liquidation,Walgreens Liquidation | Beauty & Health Returns Pallets | Trusted Suppliers,"Browse Walgreens liquidation suppliers offering beauty products, health items, OTC, general merchandise and mixed return pallets. Find trusted wholesale pallet and truckload sellers for bin stores and resellers.",Buy Walgreens Liquidation Truckloads & Pallets,"Source Walgreens returns pallets—beauty, health, GM—and wholesale liquidation truckloads from vetted suppliers near you.",Best Walgreens Liquidation Suppliers Near You,"Browse top-rated walgreens liquidation suppliers offering wholesale pallets, truckloads, returns, and overstock inventory recommended for resellers and local buyers.","Walgreens Liquidation: Pallets, Truckloads & Wholesale Inventory","Use TrustPallet to source walgreens liquidation directly from verified liquidators, accessing retailer-direct returns, overstock, shelf pulls, and bulk wholesale inventory tailored for resellers, bin stores, and online sellers.",What’s Inside Walgreens Liquidation Loads,"Walgreens Liquidation includes mixed returns, overstock, general merchandise and category-specific inventory ideal for resale.",How to Buy Walgreens Liquidation Pallets,Purchase walgreens liquidation pallets and truckloads from verified liquidation suppliers offering consistent loads and clear sourcing.,Walgreens Liquidation FAQ,What are typical items in these pallets?,Walgreens Liquidation pallets include assorted returns and overstock matched to reseller demand.,Can I buy these loads locally?,"Yes, many suppliers offer walgreens liquidation pallets and truckloads near you.",Are these loads manifested?,Some walgreens liquidation loads are manifested; others are unmanifested depending on supplier.,Who buys these pallets?,"Resellers, bin stores, flea markets and online sellers buy walgreens liquidation inventory.",How do I avoid brokers?,Work with verified suppliers to ensure authentic walgreens liquidation loads.
category,General Merchandise Liquidation,/general-merchandise-liquidation,General Merchandise Liquidation | Wholesale Pallets & Truckloads for Resellers,"Find general merchandise liquidation pallets and truckloads from verified wholesale suppliers. Source mixed GM returns, shelf pulls, overstock and bin-store friendly inventory across categories like home goods, toys, electronics and apparel. Compare trusted liquidators and buy bulk pallets or truckloads for your store.",Buy General Merchandise Liquidation Truckloads & Pallets,"Buy general merchandise liquidation pallets and mixed GM truckloads—returns, shelf pulls, overstock—from verified suppliers near you.",Best General Merchandise Liquidation Suppliers Near You,"Browse top-rated general merchandise liquidation suppliers offering wholesale pallets, truckloads, returns, and overstock inventory recommended for resellers and local buyers.","General Merchandise Liquidation: Pallets, Truckloads & Wholesale Inventory","Use TrustPallet to source general merchandise liquidation directly from verified liquidators, accessing retailer-direct returns, overstock, shelf pulls, and bulk wholesale inventory tailored for resellers, bin stores, and online sellers.",What’s Inside General Merchandise Liquidation Loads,"General Merchandise Liquidation includes mixed returns, overstock, general merchandise and category-specific inventory ideal for resale.",How to Buy General Merchandise Liquidation Pallets,Purchase general merchandise liquidation pallets and truckloads from verified liquidation suppliers offering consistent loads and clear sourcing.,General Merchandise Liquidation FAQ,What are typical items in these pallets?,General Merchandise Liquidation pallets include assorted returns and overstock matched to reseller demand.,Can I buy these loads locally?,"Yes, many suppliers offer general merchandise liquidation pallets and truckloads near you.",Are these loads manifested?,Some general merchandise liquidation loads are manifested; others are unmanifested depending on supplier.,Who buys these pallets?,"Resellers, bin stores, flea markets and online sellers buy general merchandise liquidation inventory.",How do I avoid brokers?,Work with verified suppliers to ensure authentic general merchandise liquidation loads.
category,Electronics Pallets,/electronics-pallets,Electronics Pallets | Wholesale Electronics Liquidation Truckloads & Returns,"Shop electronics pallets and liquidation truckloads with returns, shelf pulls and overstock from major retailers. Find verified suppliers offering TVs, laptops, audio, gaming, smart home devices and more. Ideal for bin stores, online resellers and discount electronics dealers.","Buy Electronics Pallets, Truckloads & Liquidation Deals","Source electronics pallets and truckloads—customer returns, open-box, overstock—from trusted wholesale suppliers near you.",Best Electronics Liquidation Suppliers Near You,"Browse top-rated electronics pallets suppliers offering wholesale pallets, truckloads, returns, and overstock inventory recommended for resellers and local buyers.","Electronics Pallets: Pallets, Truckloads & Wholesale Inventory","Use TrustPallet to source electronics pallets directly from verified liquidators, accessing retailer-direct returns, overstock, shelf pulls, and bulk wholesale inventory tailored for resellers, bin stores, and online sellers.",What’s Inside Electronics Pallets Loads,"Electronics Pallets includes mixed returns, overstock, general merchandise and category-specific inventory ideal for resale.",How to Buy Electronics Pallets Pallets,Purchase electronics pallets pallets and truckloads from verified liquidation suppliers offering consistent loads and clear sourcing.,Electronics Pallets FAQ,What are typical items in these pallets?,Electronics Pallets pallets include assorted returns and overstock matched to reseller demand.,Can I buy these loads locally?,"Yes, many suppliers offer electronics pallets pallets and truckloads near you.",Are these loads manifested?,Some electronics pallets loads are manifested; others are unmanifested depending on supplier.,Who buys these pallets?,"Resellers, bin stores, flea markets and online sellers buy electronics pallets inventory.",How do I avoid brokers?,Work with verified suppliers to ensure authentic electronics pallets loads.
category,Tools Liquidation,/tools-liquidation,Tools Liquidation | Power Tool Pallets & Hardware Truckloads,"Source tools liquidation pallets and truckloads packed with power tools, hand tools, compressors, outdoor equipment and hardware. Compare verified wholesale suppliers of contractor-grade returns, shelf pulls and overstock ideal for tool stores and bin stores.",Buy Tools Liquidation Truckloads & Power Tool Pallets,Buy tools liquidation pallets and contractor-focused truckloads—returns and shelf pulls—from verified suppliers near you.,Best Tools Liquidation Suppliers Near You,"Browse top-rated tools liquidation suppliers offering wholesale pallets, truckloads, returns, and overstock inventory recommended for resellers and local buyers.","Tools Liquidation: Pallets, Truckloads & Wholesale Inventory","Use TrustPallet to source tools liquidation directly from verified liquidators, accessing retailer-direct returns, overstock, shelf pulls, and bulk wholesale inventory tailored for resellers, bin stores, and online sellers.",,"Buy Pallets of Dewalt, Ryobi, and more",How to Buy Tools Liquidation Pallets,Purchase tools liquidation pallets and truckloads from verified liquidation suppliers offering consistent loads and clear sourcing.,Tools Liquidation FAQ,What are typical items in these pallets?,Tools Liquidation pallets include assorted returns and overstock matched to reseller demand.,Can I buy these loads locally?,"Yes, many suppliers offer tools liquidation pallets and truckloads near you.",Are these loads manifested?,Some tools liquidation loads are manifested; others are unmanifested depending on supplier.,Who buys these pallets?,"Resellers, bin stores, flea markets and online sellers buy tools liquidation inventory.",How do I avoid brokers?,Work with verified suppliers to ensure authentic tools liquidation loads.
category,Furniture Liquidation,/furniture-liquidation,Furniture Liquidation | Wholesale Furniture Pallets & Truckload Deals,"Buy furniture liquidation pallets and truckloads with living room, bedroom, dining, office and outdoor furniture from top retailers. Compare verified wholesale liquidators offering returns, overstock and scratch-and-dent furniture loads for resale.",Buy Furniture Liquidation Truckloads & Pallets,"Buy furniture liquidation pallets and truckloads—returns, overstock, scratch-and-dent—from verified suppliers near you.",Best Furniture Liquidation Suppliers Near You,"Browse top-rated furniture liquidation suppliers offering wholesale pallets, truckloads, returns, and overstock inventory recommended for resellers and local buyers.","Furniture Liquidation: Pallets, Truckloads & Wholesale Inventory","Use TrustPallet to source furniture liquidation directly from verified liquidators, accessing retailer-direct returns, overstock, shelf pulls, and bulk wholesale inventory tailored for resellers, bin stores, and online sellers.",Buy Furniture returns by The Truckload,"Furniture Liquidation includes mixed returns, overstock, general merchandise and category-specific inventory ideal for resale.",How to Buy Furniture Liquidation Pallets,Purchase furniture liquidation pallets and truckloads from verified liquidation suppliers offering consistent loads and clear sourcing.,Furniture Liquidation FAQ,What are typical items in these pallets?,Furniture Liquidation pallets include assorted returns and overstock matched to reseller demand.,Can I buy these loads locally?,"Yes, many suppliers offer furniture liquidation pallets and truckloads near you.",Are these loads manifested?,Some furniture liquidation loads are manifested; others are unmanifested depending on supplier.,Who buys these pallets?,"Resellers, bin stores, flea markets and online sellers buy furniture liquidation inventory.",How do I avoid brokers?,Work with verified suppliers to ensure authentic furniture liquidation loads.
category,Grocery Liquidation,/grocery-liquidation,"Grocery Liquidation | Food Pallets, Closeouts & Wholesale Truckloads","Find grocery liquidation pallets and truckloads with dry foods, beverages, snacks, canned goods and closeouts from major grocery chains. Browse verified suppliers offering dated and short-dated food liquidation, overstock and wholesale pallets for discount and surplus stores.",Buy Grocery Liquidation Truckloads & Food Pallets,"Source grocery liquidation pallets—closeouts, dated goods, shelf pulls—and wholesale truckloads from trusted suppliers near you.",Best Grocery Liquidation Suppliers Near You,"Browse top-rated grocery liquidation suppliers offering wholesale pallets, truckloads, returns, and overstock inventory recommended for resellers and local buyers.","Grocery Liquidation: Pallets, Truckloads & Wholesale Inventory","Use TrustPallet to source grocery liquidation directly from verified liquidators, accessing retailer-direct returns, overstock, shelf pulls, and bulk wholesale inventory tailored for resellers, bin stores, and online sellers.",Buy Salvage Food in Bulk,"Grocery Liquidation includes mixed returns, overstock, general merchandise and category-specific inventory ideal for resale.",How to Buy Grocery Liquidation Pallets,Purchase grocery liquidation pallets and truckloads from verified liquidation suppliers offering consistent loads and clear sourcing.,Grocery Liquidation FAQ,What are typical items in these pallets?,Grocery Liquidation pallets include assorted returns and overstock matched to reseller demand.,Can I buy these loads locally?,"Yes, many suppliers offer grocery liquidation pallets and truckloads near you.",Are these loads manifested?,Some grocery liquidation loads are manifested; others are unmanifested depending on supplier.,Who buys these pallets?,"Resellers, bin stores, flea markets and online sellers buy grocery liquidation inventory.",How do I avoid brokers?,Work with verified suppliers to ensure authentic grocery liquidation loads.
category,Apparel Wholesale,/apparel-wholesale,Apparel Wholesale & Clothing Liquidation | Pallets & Truckloads,"Source apparel wholesale and clothing liquidation pallets and truckloads from leading retailers and brands. Find verified suppliers offering mixed clothing, fashion returns, shelf pulls and overstock loads ideal for boutiques, bin stores and discount clothing outlets.",Buy Apparel Wholesale & Clothing Liquidation Pallets,Buy apparel wholesale pallets and clothing liquidation truckloads—returns and overstock—from verified suppliers near you.,Best Apparel Wholesale Liquidation Suppliers Near You,"Browse top-rated apparel wholesale suppliers offering wholesale pallets, truckloads, returns, and overstock inventory recommended for resellers and local buyers.","Apparel Wholesale: Pallets, Truckloads & Wholesale Inventory","Use TrustPallet to source apparel wholesale directly from verified liquidators, accessing retailer-direct returns, overstock, shelf pulls, and bulk wholesale inventory tailored for resellers, bin stores, and online sellers.",Buy Pallets of Clothing Wholesale,"Apparel Wholesale includes mixed returns, overstock, general merchandise and category-specific inventory ideal for resale.",How to Buy Apparel Wholesale Pallets,Purchase apparel wholesale pallets and truckloads from verified liquidation suppliers offering consistent loads and clear sourcing.,Apparel Wholesale FAQ,What are typical items in these pallets?,Apparel Wholesale pallets include assorted returns and overstock matched to reseller demand.,Can I buy these loads locally?,"Yes, many suppliers offer apparel wholesale pallets and truckloads near you.",Are these loads manifested?,Some apparel wholesale loads are manifested; others are unmanifested depending on supplier.,Who buys these pallets?,"Resellers, bin stores, flea markets and online sellers buy apparel wholesale inventory.",How do I avoid brokers?,Work with verified suppliers to ensure authentic apparel wholesale loads.
category,Shoes Wholesale,/shoes-wholesale,Shoes Wholesale & Footwear Liquidation | Pallets & Bulk Truckloads,"Shop shoes wholesale pallets and footwear liquidation truckloads including sneakers, dress shoes, boots and kids’ footwear. Connect with trusted suppliers of returns, shelf pulls and overstock footwear loads for resale and bin stores.",Buy Shoes Wholesale & Footwear Liquidation Pallets,Source shoes wholesale pallets and footwear liquidation truckloads—returns and closeouts—from trusted sellers near you.,Best Shoes Wholesale Liquidation Suppliers Near You,"Browse top-rated shoes wholesale suppliers offering wholesale pallets, truckloads, returns, and overstock inventory recommended for resellers and local buyers.","Shoes Wholesale: Pallets, Truckloads & Wholesale Inventory","Use TrustPallet to source shoes wholesale directly from verified liquidators, accessing retailer-direct returns, overstock, shelf pulls, and bulk wholesale inventory tailored for resellers, bin stores, and online sellers.",What’s Inside Shoes Wholesale Loads,"Shoes Wholesale includes mixed returns, overstock, general merchandise and category-specific inventory ideal for resale.",How to Buy Shoes Wholesale Pallets,Purchase shoes wholesale pallets and truckloads from verified liquidation suppliers offering consistent loads and clear sourcing.,Shoes Wholesale FAQ,What are typical items in these pallets?,Shoes Wholesale pallets include assorted returns and overstock matched to reseller demand.,Can I buy these loads locally?,"Yes, many suppliers offer shoes wholesale pallets and truckloads near you.",Are these loads manifested?,Some shoes wholesale loads are manifested; others are unmanifested depending on supplier.,Who buys these pallets?,"Resellers, bin stores, flea markets and online sellers buy shoes wholesale inventory.",How do I avoid brokers?,Work with verified suppliers to ensure authentic shoes wholesale loads.
category,Beauty Liquidation,/beauty-liquidation,Beauty & Cosmetics Liquidation | Wholesale Pallets & Returns Loads,"Find beauty and cosmetics liquidation pallets and truckloads with makeup, skincare, haircare, fragrance and personal care products. Compare verified suppliers of health and beauty returns, shelf pulls and overstock for discount stores and online resellers.",Buy Beauty & Cosmetics Liquidation Pallets & Truckloads,"Buy beauty and cosmetics liquidation pallets—skincare, makeup, haircare—and wholesale truckloads from verified suppliers near you.",Best Beauty Liquidation Suppliers Near You,"Browse top-rated beauty liquidation suppliers offering wholesale pallets, truckloads, returns, and overstock inventory recommended for resellers and local buyers.","Beauty Liquidation: Pallets, Truckloads & Wholesale Inventory","Use TrustPallet to source beauty liquidation directly from verified liquidators, accessing retailer-direct returns, overstock, shelf pulls, and bulk wholesale inventory tailored for resellers, bin stores, and online sellers.",What’s Inside Beauty Liquidation Loads,"Beauty Liquidation includes mixed returns, overstock, general merchandise and category-specific inventory ideal for resale.",How to Buy Beauty Liquidation Pallets,Purchase beauty liquidation pallets and truckloads from verified liquidation suppliers offering consistent loads and clear sourcing.,Beauty Liquidation FAQ,What are typical items in these pallets?,Beauty Liquidation pallets include assorted returns and overstock matched to reseller demand.,Can I buy these loads locally?,"Yes, many suppliers offer beauty liquidation pallets and truckloads near you.",Are these loads manifested?,Some beauty liquidation loads are manifested; others are unmanifested depending on supplier.,Who buys these pallets?,"Resellers, bin stores, flea markets and online sellers buy beauty liquidation inventory.",How do I avoid brokers?,Work with verified suppliers to ensure authentic beauty liquidation loads.
category,Toys Liquidation,/toys-liquidation,Toys Liquidation | Wholesale Toy Pallets & Returns Truckloads,"Source toys liquidation pallets and truckloads including branded toys, games, puzzles and seasonal items. Find trusted wholesale suppliers of toy returns, shelf pulls and overstock ideal for discount stores, bin stores and resellers.",Buy Toys Liquidation Truckloads & Wholesale Toy Pallets,"Find toys liquidation pallets and wholesale truckloads—returns, overstock, seasonal—from trusted suppliers near you.",Best Toys Liquidation Suppliers Near You,"Browse top-rated toys liquidation suppliers offering wholesale pallets, truckloads, returns, and overstock inventory recommended for resellers and local buyers.","Toys Liquidation: Pallets, Truckloads & Wholesale Inventory","Use TrustPallet to source toys liquidation directly from verified liquidators, accessing retailer-direct returns, overstock, shelf pulls, and bulk wholesale inventory tailored for resellers, bin stores, and online sellers.",What’s Inside Toys Liquidation Loads,"Toys Liquidation includes mixed returns, overstock, general merchandise and category-specific inventory ideal for resale.",How to Buy Toys Liquidation Pallets,Purchase toys liquidation pallets and truckloads from verified liquidation suppliers offering consistent loads and clear sourcing.,Toys Liquidation FAQ,What are typical items in these pallets?,Toys Liquidation pallets include assorted returns and overstock matched to reseller demand.,Can I buy these loads locally?,"Yes, many suppliers offer toys liquidation pallets and truckloads near you.",Are these loads manifested?,Some toys liquidation loads are manifested; others are unmanifested depending on supplier.,Who buys these pallets?,"Resellers, bin stores, flea markets and online sellers buy toys liquidation inventory.",How do I avoid brokers?,Work with verified suppliers to ensure authentic toys liquidation loads.
category,Sporting Goods Liquidation,/sporting-goods-liquidation,Sporting Goods Liquidation | Wholesale Pallets & Truckloads,"Buy sporting goods liquidation pallets and truckloads with fitness gear, outdoor equipment, apparel, footwear and accessories. Connect with verified suppliers of returns and overstock sporting goods for retail stores, gyms and resellers.",Buy Sporting Goods Liquidation Truckloads & Pallets,"Buy sporting goods liquidation pallets and truckloads—fitness, outdoor, accessories—from verified suppliers near you.",Best Sporting Goods Liquidation Suppliers Near You,"Browse top-rated sporting goods liquidation suppliers offering wholesale pallets, truckloads, returns, and overstock inventory recommended for resellers and local buyers.","Sporting Goods Liquidation: Pallets, Truckloads & Wholesale Inventory","Use TrustPallet to source sporting goods liquidation directly from verified liquidators, accessing retailer-direct returns, overstock, shelf pulls, and bulk wholesale inventory tailored for resellers, bin stores, and online sellers.",What’s Inside Sporting Goods Liquidation Loads,"Sporting Goods Liquidation includes mixed returns, overstock, general merchandise and category-specific inventory ideal for resale.",How to Buy Sporting Goods Liquidation Pallets,Purchase sporting goods liquidation pallets and truckloads from verified liquidation suppliers offering consistent loads and clear sourcing.,Sporting Goods Liquidation FAQ,What are typical items in these pallets?,Sporting Goods Liquidation pallets include assorted returns and overstock matched to reseller demand.,Can I buy these loads locally?,"Yes, many suppliers offer sporting goods liquidation pallets and truckloads near you.",Are these loads manifested?,Some sporting goods liquidation loads are manifested; others are unmanifested depending on supplier.,Who buys these pallets?,"Resellers, bin stores, flea markets and online sellers buy sporting goods liquidation inventory.",How do I avoid brokers?,Work with verified suppliers to ensure authentic sporting goods liquidation loads.
category,Baby Products Liquidation,/baby-products-liquidation,Baby Products Liquidation | Wholesale Pallets & Return Loads,"Find baby products liquidation pallets and truckloads including strollers, car seats, gear, toys, clothing and accessories. Browse verified suppliers offering baby returns, shelf pulls and overstock for discount stores and resellers.",Buy Baby Products Liquidation & Return Pallets,"Source baby products liquidation pallets and wholesale truckloads—gear, toys, essentials—from trusted sellers near you.",Best Baby Products Liquidation Suppliers Near You,"Browse top-rated baby products liquidation suppliers offering wholesale pallets, truckloads, returns, and overstock inventory recommended for resellers and local buyers.","Baby Products Liquidation: Pallets, Truckloads & Wholesale Inventory","Use TrustPallet to source baby products liquidation directly from verified liquidators, accessing retailer-direct returns, overstock, shelf pulls, and bulk wholesale inventory tailored for resellers, bin stores, and online sellers.",What’s Inside Baby Products Liquidation Loads,"Baby Products Liquidation includes mixed returns, overstock, general merchandise and category-specific inventory ideal for resale.",How to Buy Baby Products Liquidation Pallets,Purchase baby products liquidation pallets and truckloads from verified liquidation suppliers offering consistent loads and clear sourcing.,Baby Products Liquidation FAQ,What are typical items in these pallets?,Baby Products Liquidation pallets include assorted returns and overstock matched to reseller demand.,Can I buy these loads locally?,"Yes, many suppliers offer baby products liquidation pallets and truckloads near you.",Are these loads manifested?,Some baby products liquidation loads are manifested; others are unmanifested depending on supplier.,Who buys these pallets?,"Resellers, bin stores, flea markets and online sellers buy baby products liquidation inventory.",How do I avoid brokers?,Work with verified suppliers to ensure authentic baby products liquidation loads.
category,Automotive Liquidation,/automotive-liquidation,Automotive Liquidation | Car Accessory Pallets & Parts Truckloads,"Source automotive liquidation pallets and truckloads with car accessories, tools, parts, detailing products and more. Compare trusted wholesale suppliers of automotive returns, shelf pulls and overstock loads for resellers and auto shops.",Buy Automotive Liquidation Truckloads & Car Accessory Pallets,"Buy automotive liquidation pallets and truckloads—accessories, tools, parts—from verified suppliers near you.",Best Automotive Liquidation Suppliers Near You,"Browse top-rated automotive liquidation suppliers offering wholesale pallets, truckloads, returns, and overstock inventory recommended for resellers and local buyers.","Automotive Liquidation: Pallets, Truckloads & Wholesale Inventory","Use TrustPallet to source automotive liquidation directly from verified liquidators, accessing retailer-direct returns, overstock, shelf pulls, and bulk wholesale inventory tailored for resellers, bin stores, and online sellers.",What’s Inside Automotive Liquidation Loads,"Automotive Liquidation includes mixed returns, overstock, general merchandise and category-specific inventory ideal for resale.",How to Buy Automotive Liquidation Pallets,Purchase automotive liquidation pallets and truckloads from verified liquidation suppliers offering consistent loads and clear sourcing.,Automotive Liquidation FAQ,What are typical items in these pallets?,Automotive Liquidation pallets include assorted returns and overstock matched to reseller demand.,Can I buy these loads locally?,"Yes, many suppliers offer automotive liquidation pallets and truckloads near you.",Are these loads manifested?,Some automotive liquidation loads are manifested; others are unmanifested depending on supplier.,Who buys these pallets?,"Resellers, bin stores, flea markets and online sellers buy automotive liquidation inventory.",How do I avoid brokers?,Work with verified suppliers to ensure authentic automotive liquidation loads.
category,Housewares Liquidation,/housewares-liquidation,Housewares Liquidation | Kitchen & Home Pallets & Truckloads,"Shop housewares liquidation pallets and truckloads including kitchenware, small appliances, décor, storage and home essentials. Find verified suppliers offering returns and overstock housewares loads for discount stores and bin stores.",Buy Housewares Liquidation Truckloads & Kitchen Pallets,"Find housewares liquidation pallets—kitchen, small appliances, home essentials—and wholesale truckloads from trusted suppliers near you.",Best Housewares Liquidation Suppliers Near You,"Browse top-rated housewares liquidation suppliers offering wholesale pallets, truckloads, returns, and overstock inventory recommended for resellers and local buyers.","Housewares Liquidation: Pallets, Truckloads & Wholesale Inventory","Use TrustPallet to source housewares liquidation directly from verified liquidators, accessing retailer-direct returns, overstock, shelf pulls, and bulk wholesale inventory tailored for resellers, bin stores, and online sellers.",What’s Inside Housewares Liquidation Loads,"Housewares Liquidation includes mixed returns, overstock, general merchandise and category-specific inventory ideal for resale.",How to Buy Housewares Liquidation Pallets,Purchase housewares liquidation pallets and truckloads from verified liquidation suppliers offering consistent loads and clear sourcing.,Housewares Liquidation FAQ,What are typical items in these pallets?,Housewares Liquidation pallets include assorted returns and overstock matched to reseller demand.,Can I buy these loads locally?,"Yes, many suppliers offer housewares liquidation pallets and truckloads near you.",Are these loads manifested?,Some housewares liquidation loads are manifested; others are unmanifested depending on supplier.,Who buys these pallets?,"Resellers, bin stores, flea markets and online sellers buy housewares liquidation inventory.",How do I avoid brokers?,Work with verified suppliers to ensure authentic housewares liquidation loads.
category,Health & Wellness Liquidation,/health-wellness-liquidation,Health & Wellness Liquidation | Wholesale Pallets & Returns Truckloads,"Find health and wellness liquidation pallets and truckloads with vitamins, supplements, fitness accessories, personal care and health products. Connect with trusted suppliers of returns, shelf pulls and overstock for discount retailers and resellers.",Buy Health & Wellness Liquidation Truckloads & Pallets,"Buy health and wellness liquidation pallets—personal care, vitamins, fitness accessories—and wholesale truckloads from verified suppliers near you.",Best Health & Wellness Liquidation Suppliers Near You,"Browse top-rated health & wellness liquidation suppliers offering wholesale pallets, truckloads, returns, and overstock inventory recommended for resellers and local buyers.","Health & Wellness Liquidation: Pallets, Truckloads & Wholesale Inventory","Use TrustPallet to source health & wellness liquidation directly from verified liquidators, accessing retailer-direct returns, overstock, shelf pulls, and bulk wholesale inventory tailored for resellers, bin stores, and online sellers.",What’s Inside Health & Wellness Liquidation Loads,"Health & Wellness Liquidation includes mixed returns, overstock, general merchandise and category-specific inventory ideal for resale.",How to Buy Health & Wellness Liquidation Pallets,Purchase health & wellness liquidation pallets and truckloads from verified liquidation suppliers offering consistent loads and clear sourcing.,Health & Wellness Liquidation FAQ,What are typical items in these pallets?,Health & Wellness Liquidation pallets include assorted returns and overstock matched to reseller demand.,Can I buy these loads locally?,"Yes, many suppliers offer health & wellness liquidation pallets and truckloads near you.",Are these loads manifested?,Some health & wellness liquidation loads are manifested; others are unmanifested depending on supplier.,Who buys these pallets?,"Resellers, bin stores, flea markets and online sellers buy health & wellness liquidation inventory.",How do I avoid brokers?,Work with verified suppliers to ensure authentic health & wellness liquidation loads.
inventory_type,Bin Store Inventory,/bin-store-inventory,Bin Store Pallets & High Piece Count Inventory | Wholesale Truckloads,"Find high piece count pallets, Amazon Smalls/Mediums, GM returns and bin-store-ready inventory from verified suppliers. Source wholesale pallets and truckloads ideal for bin stores.",Buy Bin Store Pallets & High Piece Count Inventory,"Source bin store inventory—high piece count pallets, mixed returns, truckloads—for fast restocks from verified suppliers near you.",Best Bin Store Inventory Liquidation Suppliers Near You,"Browse top-rated bin store inventory suppliers offering wholesale pallets, truckloads, returns, and overstock inventory recommended for resellers and local buyers.","Bin Store Inventory: Pallets, Truckloads & Wholesale Inventory","Use TrustPallet to source bin store inventory directly from verified liquidators, accessing retailer-direct returns, overstock, shelf pulls, and bulk wholesale inventory tailored for resellers, bin stores, and online sellers.",What’s Inside Bin Store Inventory Loads,"Bin Store Inventory includes mixed returns, overstock, general merchandise and category-specific inventory ideal for resale.",How to Buy Bin Store Inventory Pallets,Purchase bin store inventory pallets and truckloads from verified liquidation suppliers offering consistent loads and clear sourcing.,Bin Store Inventory FAQ,What are typical items in these pallets?,Bin Store Inventory pallets include assorted returns and overstock matched to reseller demand.,Can I buy these loads locally?,"Yes, many suppliers offer bin store inventory pallets and truckloads near you.",Are these loads manifested?,Some bin store inventory loads are manifested; others are unmanifested depending on supplier.,Who buys these pallets?,"Resellers, bin stores, flea markets and online sellers buy bin store inventory inventory.",How do I avoid brokers?,Work with verified suppliers to ensure authentic bin store inventory loads.
inventory_type,Whatnot Inventory,/whatnot-inventory,Whatnot Inventory | Pallets & Truckloads for Live Resellers,"Find wholesale liquidation inventory for Whatnot sellers including electronics, GM, toys, apparel and smalls. Connect with verified pallet and truckload suppliers.",Wholesale Inventory for Whatnot Sellers,"Find Whatnot-ready liquidation inventory—smalls, fast movers, mixed pallets and truckloads—from trusted suppliers near you.",Best Whatnot Inventory Liquidation Suppliers Near You,"Browse top-rated whatnot inventory suppliers offering wholesale pallets, truckloads, returns, and overstock inventory recommended for resellers and local buyers.","Whatnot Inventory: Pallets, Truckloads & Wholesale Inventory","Use TrustPallet to source whatnot inventory directly from verified liquidators, accessing retailer-direct returns, overstock, shelf pulls, and bulk wholesale inventory tailored for resellers, bin stores, and online sellers.",What’s Inside Whatnot Inventory Loads,"Whatnot Inventory includes mixed returns, overstock, general merchandise and category-specific inventory ideal for resale.",How to Buy Whatnot Inventory Pallets,Purchase whatnot inventory pallets and truckloads from verified liquidation suppliers offering consistent loads and clear sourcing.,Whatnot Inventory FAQ,What are typical items in these pallets?,Whatnot Inventory pallets include assorted returns and overstock matched to reseller demand.,Can I buy these loads locally?,"Yes, many suppliers offer whatnot inventory pallets and truckloads near you.",Are these loads manifested?,Some whatnot inventory loads are manifested; others are unmanifested depending on supplier.,Who buys these pallets?,"Resellers, bin stores, flea markets and online sellers buy whatnot inventory inventory.",How do I avoid brokers?,Work with verified suppliers to ensure authentic whatnot inventory loads.
inventory_type,eBay Reseller Inventory,/ebay-reseller-inventory,eBay Reseller Inventory | Liquidation Pallets & Truckloads,"Discover wholesale pallets ideal for eBay sellers including electronics, tools, fashion and GM returns. Verified suppliers with consistent reseller-friendly loads.",Wholesale Pallets for eBay Sellers,"Buy eBay reseller inventory—electronics, tools, apparel, GM pallets and truckloads—from verified suppliers near you.",Best eBay Reseller Inventory Liquidation Suppliers Near You,"Browse top-rated ebay reseller inventory suppliers offering wholesale pallets, truckloads, returns, and overstock inventory recommended for resellers and local buyers.","eBay Reseller Inventory: Pallets, Truckloads & Wholesale Inventory","Use TrustPallet to source ebay reseller inventory directly from verified liquidators, accessing retailer-direct returns, overstock, shelf pulls, and bulk wholesale inventory tailored for resellers, bin stores, and online sellers.",What’s Inside eBay Reseller Inventory Loads,"eBay Reseller Inventory includes mixed returns, overstock, general merchandise and category-specific inventory ideal for resale.",How to Buy eBay Reseller Inventory Pallets,Purchase ebay reseller inventory pallets and truckloads from verified liquidation suppliers offering consistent loads and clear sourcing.,eBay Reseller Inventory FAQ,What are typical items in these pallets?,eBay Reseller Inventory pallets include assorted returns and overstock matched to reseller demand.,Can I buy these loads locally?,"Yes, many suppliers offer ebay reseller inventory pallets and truckloads near you.",Are these loads manifested?,Some ebay reseller inventory loads are manifested; others are unmanifested depending on supplier.,Who buys these pallets?,"Resellers, bin stores, flea markets and online sellers buy ebay reseller inventory inventory.",How do I avoid brokers?,Work with verified suppliers to ensure authentic ebay reseller inventory loads.
inventory_type,Amazon FBA Liquidation,/amazon-fba-liquidation,Amazon FBA Liquidation | Wholesale Pallets & Truckload Inventory,"Buy Amazon FBA-friendly liquidation pallets including smalls, mediums, electronics and GM. Verified suppliers offering inventory ideal for FBA and FBM sellers.",Amazon FBA Liquidation Inventory & Pallets,"Source Amazon FBA-friendly liquidation—bulk returns, pallets, and truckloads—from trusted suppliers near you.",Best Amazon FBA Liquidation Suppliers Near You,"Browse top-rated amazon fba liquidation suppliers offering wholesale pallets, truckloads, returns, and overstock inventory recommended for resellers and local buyers.","Amazon FBA Liquidation: Pallets, Truckloads & Wholesale Inventory","Use TrustPallet to source amazon fba liquidation directly from verified liquidators, accessing retailer-direct returns, overstock, shelf pulls, and bulk wholesale inventory tailored for resellers, bin stores, and online sellers.",What’s Inside Amazon FBA Liquidation Loads,"Amazon FBA Liquidation includes mixed returns, overstock, general merchandise and category-specific inventory ideal for resale.",How to Buy Amazon FBA Liquidation Pallets,Purchase amazon fba liquidation pallets and truckloads from verified liquidation suppliers offering consistent loads and clear sourcing.,Amazon FBA Liquidation FAQ,What are typical items in these pallets?,Amazon FBA Liquidation pallets include assorted returns and overstock matched to reseller demand.,Can I buy these loads locally?,"Yes, many suppliers offer amazon fba liquidation pallets and truckloads near you.",Are these loads manifested?,Some amazon fba liquidation loads are manifested; others are unmanifested depending on supplier.,Who buys these pallets?,"Resellers, bin stores, flea markets and online sellers buy amazon fba liquidation inventory.",How do I avoid brokers?,Work with verified suppliers to ensure authentic amazon fba liquidation loads.
inventory_type,Discount Store Inventory,/discount-store-inventory,Discount Store Inventory | Wholesale Returns & Overstock Pallets,"Find wholesale liquidation pallets for discount stores, dollar stores and surplus shops. Verified suppliers offering GM, housewares, beauty and food pallets.",Wholesale Inventory for Discount & Dollar Stores,"Buy discount store inventory—GM returns, overstock pallets, truckloads, closeouts—from verified suppliers near you.",Best Discount Store Inventory Liquidation Suppliers Near You,"Browse top-rated discount store inventory suppliers offering wholesale pallets, truckloads, returns, and overstock inventory recommended for resellers and local buyers.","Discount Store Inventory: Pallets, Truckloads & Wholesale Inventory","Use TrustPallet to source discount store inventory directly from verified liquidators, accessing retailer-direct returns, overstock, shelf pulls, and bulk wholesale inventory tailored for resellers, bin stores, and online sellers.",What’s Inside Discount Store Inventory Loads,"Discount Store Inventory includes mixed returns, overstock, general merchandise and category-specific inventory ideal for resale.",How to Buy Discount Store Inventory Pallets,Purchase discount store inventory pallets and truckloads from verified liquidation suppliers offering consistent loads and clear sourcing.,Discount Store Inventory FAQ,What are typical items in these pallets?,Discount Store Inventory pallets include assorted returns and overstock matched to reseller demand.,Can I buy these loads locally?,"Yes, many suppliers offer discount store inventory pallets and truckloads near you.",Are these loads manifested?,Some discount store inventory loads are manifested; others are unmanifested depending on supplier.,Who buys these pallets?,"Resellers, bin stores, flea markets and online sellers buy discount store inventory inventory.",How do I avoid brokers?,Work with verified suppliers to ensure authentic discount store inventory loads.
inventory_type,Flea Market Pallets,/flea-market-pallets,Flea Market Pallets | Wholesale Liquidation for Flea Market Vendors,"Source GM, tools, toys, clothing and mixed pallets for flea market vendors. Verified liquidation suppliers offering affordable resale inventory.",Pallets & Truckloads for Flea Market Sellers,"Find flea market pallets—mixed GM, tools, toys, apparel—and low-cost truckloads from trusted suppliers near you.",Best Flea Market Liquidation Suppliers Near You,"Browse top-rated flea market pallets suppliers offering wholesale pallets, truckloads, returns, and overstock inventory recommended for resellers and local buyers.","Flea Market Pallets: Pallets, Truckloads & Wholesale Inventory","Use TrustPallet to source flea market pallets directly from verified liquidators, accessing retailer-direct returns, overstock, shelf pulls, and bulk wholesale inventory tailored for resellers, bin stores, and online sellers.",What’s Inside Flea Market Pallets Loads,"Flea Market Pallets includes mixed returns, overstock, general merchandise and category-specific inventory ideal for resale.",How to Buy Flea Market Pallets Pallets,Purchase flea market pallets pallets and truckloads from verified liquidation suppliers offering consistent loads and clear sourcing.,Flea Market Pallets FAQ,What are typical items in these pallets?,Flea Market Pallets pallets include assorted returns and overstock matched to reseller demand.,Can I buy these loads locally?,"Yes, many suppliers offer flea market pallets pallets and truckloads near you.",Are these loads manifested?,Some flea market pallets loads are manifested; others are unmanifested depending on supplier.,Who buys these pallets?,"Resellers, bin stores, flea markets and online sellers buy flea market pallets inventory.",How do I avoid brokers?,Work with verified suppliers to ensure authentic flea market pallets loads.
inventory_type,Grocery Store Inventory,/grocery-store-liquidation-inventory,Grocery Store Liquidation Inventory | Food Pallets & Truckloads,"Source food liquidation pallets including dry goods, beverages, snacks and grocery GM. Verified suppliers with short-dated and overstock loads.",Grocery Liquidation & Food Inventory for Stores,"Source grocery store inventory—food closeouts, beverages, GM pallets and truckloads—from verified suppliers near you.",Best Grocery Store Inventory Liquidation Suppliers Near You,"Browse top-rated grocery store inventory suppliers offering wholesale pallets, truckloads, returns, and overstock inventory recommended for resellers and local buyers.","Grocery Store Inventory: Pallets, Truckloads & Wholesale Inventory","Use TrustPallet to source grocery store inventory directly from verified liquidators, accessing retailer-direct returns, overstock, shelf pulls, and bulk wholesale inventory tailored for resellers, bin stores, and online sellers.",What’s Inside Grocery Store Inventory Loads,"Grocery Store Inventory includes mixed returns, overstock, general merchandise and category-specific inventory ideal for resale.",How to Buy Grocery Store Inventory Pallets,Purchase grocery store inventory pallets and truckloads from verified liquidation suppliers offering consistent loads and clear sourcing.,Grocery Store Inventory FAQ,What are typical items in these pallets?,Grocery Store Inventory pallets include assorted returns and overstock matched to reseller demand.,Can I buy these loads locally?,"Yes, many suppliers offer grocery store inventory pallets and truckloads near you.",Are these loads manifested?,Some grocery store inventory loads are manifested; others are unmanifested depending on supplier.,Who buys these pallets?,"Resellers, bin stores, flea markets and online sellers buy grocery store inventory inventory.",How do I avoid brokers?,Work with verified suppliers to ensure authentic grocery store inventory loads.
inventory_type,Returns Pallets,/returns-pallets,"Returns Pallets | Wholesale Returns, Shelf Pulls & Truckloads","Find returns pallets from major retailers including Amazon, Walmart, Target and more. Verified suppliers offering shelf pulls, customer returns and manifested loads.",Buy Returns Pallets & Truckloads,Buy returns pallets and truckloads—manifested or unmanifested—direct from verified liquidation suppliers near you.,Best Returns Liquidation Suppliers Near You,"Browse top-rated returns pallets suppliers offering wholesale pallets, truckloads, returns, and overstock inventory recommended for resellers and local buyers.","Returns Pallets: Pallets, Truckloads & Wholesale Inventory","Use TrustPallet to source returns pallets directly from verified liquidators, accessing retailer-direct returns, overstock, shelf pulls, and bulk wholesale inventory tailored for resellers, bin stores, and online sellers.",What’s Inside Returns Pallets Loads,"Returns Pallets includes mixed returns, overstock, general merchandise and category-specific inventory ideal for resale.",How to Buy Returns Pallets Pallets,Purchase returns pallets pallets and truckloads from verified liquidation suppliers offering consistent loads and clear sourcing.,Returns Pallets FAQ,What are typical items in these pallets?,Returns Pallets pallets include assorted returns and overstock matched to reseller demand.,Can I buy these loads locally?,"Yes, many suppliers offer returns pallets pallets and truckloads near you.",Are these loads manifested?,Some returns pallets loads are manifested; others are unmanifested depending on supplier.,Who buys these pallets?,"Resellers, bin stores, flea markets and online sellers buy returns pallets inventory.",How do I avoid brokers?,Work with verified suppliers to ensure authentic returns pallets loads.
inventory_type,Overstock Liquidation,/overstock-liquidation,"Overstock Liquidation | Wholesale Pallets, Closeouts & Truckloads","Source overstock pallets and truckloads from major retailers. Find trusted suppliers offering excess inventory, closeouts, seasonals and GM overstock loads.",Buy Overstock Pallets & Wholesale Truckloads,"Find overstock liquidation—closeouts, excess inventory pallets, wholesale truckloads—from trusted suppliers near you.",Best Overstock Liquidation Suppliers Near You,"Browse top-rated overstock liquidation suppliers offering wholesale pallets, truckloads, returns, and overstock inventory recommended for resellers and local buyers.","Overstock Liquidation: Pallets, Truckloads & Wholesale Inventory","Use TrustPallet to source overstock liquidation directly from verified liquidators, accessing retailer-direct returns, overstock, shelf pulls, and bulk wholesale inventory tailored for resellers, bin stores, and online sellers.",What’s Inside Overstock Liquidation Loads,"Overstock Liquidation includes mixed returns, overstock, general merchandise and category-specific inventory ideal for resale.",How to Buy Overstock Liquidation Pallets,Purchase overstock liquidation pallets and truckloads from verified liquidation suppliers offering consistent loads and clear sourcing.,Overstock Liquidation FAQ,What are typical items in these pallets?,Overstock Liquidation pallets include assorted returns and overstock matched to reseller demand.,Can I buy these loads locally?,"Yes, many suppliers offer overstock liquidation pallets and truckloads near you.",Are these loads manifested?,Some overstock liquidation loads are manifested; others are unmanifested depending on supplier.,Who buys these pallets?,"Resellers, bin stores, flea markets and online sellers buy overstock liquidation inventory.",How do I avoid brokers?,Work with verified suppliers to ensure authentic overstock liquidation loads.
inventory_type,Wholesale Pallets,/wholesale-pallets,"Wholesale Pallets | Bulk Liquidation, Truckloads & Verified Suppliers","Buy wholesale pallets and truckloads from verified liquidation suppliers. Source GM, electronics, apparel, tools, beauty and more.",Wholesale Pallets & Bulk Liquidation Inventory,Buy wholesale pallets and truckloads—bulk liquidation inventory across top categories—from verified suppliers near you.,Best Wholesale Liquidation Suppliers Near You,"Browse top-rated wholesale pallets suppliers offering wholesale pallets, truckloads, returns, and overstock inventory recommended for resellers and local buyers.","Wholesale Pallets: Pallets, Truckloads & Wholesale Inventory","Use TrustPallet to source wholesale pallets directly from verified liquidators, accessing retailer-direct returns, overstock, shelf pulls, and bulk wholesale inventory tailored for resellers, bin stores, and online sellers.",What’s Inside Wholesale Pallets Loads,"Wholesale Pallets includes mixed returns, overstock, general merchandise and category-specific inventory ideal for resale.",How to Buy Wholesale Pallets Pallets,Purchase wholesale pallets pallets and truckloads from verified liquidation suppliers offering consistent loads and clear sourcing.,Wholesale Pallets FAQ,What are typical items in these pallets?,Wholesale Pallets pallets include assorted returns and overstock matched to reseller demand.,Can I buy these loads locally?,"Yes, many suppliers offer wholesale pallets pallets and truckloads near you.",Are these loads manifested?,Some wholesale pallets loads are manifested; others are unmanifested depending on supplier.,Who buys these pallets?,"Resellers, bin stores, flea markets and online sellers buy wholesale pallets inventory.",How do I avoid brokers?,Work with verified suppliers to ensure authentic wholesale pallets loads.